,"Pok횄짤mon Champions 찾챘 챗쨌짚챘 챙쨈챙 M-A찾 챙쨋챙  챗째챘짜 챠짭챙쩌챘짧짭 챘짝짭챙짚챠쨍
(2026챘 4챙 8챙쩌(챙)~2026챘 6챙 17챙쩌(챙) 10:59)",,,,,,,,,"<챙짚챘짧>
챘쨔짢챗째 챗쨍챙짢: 챙짖챙징짹챗째 85 챙쨈챙챙 챙짚챙챠 챙챙짚
챘쨀쨈챘쩌 챗쨍챙짢: 챙짖챙징짹챗째 130 챙쨈챙챙 챗쨉챙짜챠 챙챙짚",,,,,
챘짼챠쨍,챙쨈챘짝,챠쩌,챠챙1,챠챙2,챠쨔챙짹1,챠쨔챙짹2,챙짢챗짼짢챙짠챠쨔챙짹(H),챘챘짭쨈챙챠짚,챙짼쨈챘 짜,챗쨀쨉챗짼짤,챘째짤챙쨈,챠쨔챙챗쨀쨉챗짼짤,챠쨔챙챘째짤챙쨈,챙짚챠쩌챘,챙짖챙징짹챗째 챠짤챗쨀
87,챘짤챗째챘쨀쨈챙짚챘징챘쩌,챘짤챗째챙짠챠,챗째챙짼 ,,챠챠째,,,챘째챘징챗째챗쨍째,70,140,230,60,80,50,630
70,챘짤챗째챗째챙짼 챠짚,챘짤챗째챙짠챠,챗째챙짼 ,챘,챘짧짢챘챙챠,,,챘째챘징챗째챗쨍째,75,125,230,55,95,30,610
69,챗째챙짼 챠짚,,챗째챙짼 ,챘,챘챘짢쨍챘짝짭,챙쨔챗쨀짢챙째쨍,챙째챗짼짤챘짚챙짠(H),챘째챘징챗째챗쨍째,75,85,200,55,65,30,510
217,챠짭챘 챘짼 챙쨈챙짚,챠챙짚챙쨈,챙쩌챙,챘째챙,챙쨔챗쨀짢챙째짭챠짹,챙챙쨈챙짚챘째챘,챙쨔챗쨀짢챙째쨍(H),챘째챘징챗째챗쨍째,95,127,184,34,36,38,514
216,챠짭챘 챘짼 챙쨈챙짚,,챙쩌챙,,챘짠챙쨈챠챙쨈챙짚,챙챙쨈챙짚챘째챘,챙쨔챗쨀짢챙째쨍(H),챘째챘징챗째챗쨍째,95,117,184,44,46,28,514
86,챘쨀쨈챙짚챘징챘쩌,,챗째챙짼 ,챘째챙,챙쨔챗쨀짢챙째쨍,챘챘짢쨍챘짝짭,챠짚챘쨔챘짤챠(H),챘째챘징챗째챗쨍째,70,110,180,60,60,50,530
28,챘짤챗째챙쩌챘챘,챘짤챗째챙짠챠,챘짭쩌,챙챙짚챠쩌,챙징째챗째챘쨔챗째챙쨌,,,챘째챘징챗째챗쨍째,95,75,180,130,80,30,590
177,챘짤챗째챘쨍챘짝짭챗째챘징 ,챘짤챗째챙짠챠,챠,챗짼짤챠짭,챘째짤챠,,,챘째챘징챗째챗쨍째,88,137,172,74,115,44,630
115,챘째챘짝짭챠짹챙짚,,챘째챙,챗째챙짼 ,챙쨔챗쨀짢챙째쨍,,챘째짤챙(H),챘째챘징챗째챗쨍째,60,52,168,47,138,30,495
229,챘챙챘짠챙짭챘짝짭,,챘,챘짭쩌,챘짭쨈챘챠챠챘,챙 챙째,챙짭챙챘 짜(H),챘째챘징챗째챗쨍째,50,63,152,53,142,35,495
80,챘짤챗째챘짠챗쨍째챘쩌챙짚,챘짤챗째챙짠챠,챘째챙,챙,챘짧짢챘챘 챘짝쩌,,,챘째챘징챗째챗쨍째,100,164,150,95,120,71,700
247,챘째챙짚챠,,챘,챗쨀 챙짚챠쨍,챘 챘챘챙챠쩌,,,챘째챘징챗째챗쨍째,58,95,145,50,105,30,483
269,챗쩔챠쨍챘 ,,챗째챙짼 ,,챠챘짢쨔챗쨍째,,챘짧짢챘챙짢챗쨍째(H),챘째챘징챗째챗쨍째,70,85,145,60,55,65,480
160,챘째챙짚챘챙쨍,,챗쨀 챙짚챠쨍,,챘짱쨍챘쩌,,,챘째챘징챗째챗쨍째,58,50,145,95,105,30,483
72,챘짤챗째챠짬챙쩌,챘짤챗째챙짠챠,챘짼챘 ,챗째챙짼 ,챠챠짭챘챙,,,챘째챘징챗째챗쨍째,70,150,140,65,100,75,600
68,챙챙쩍,,챘짼챘 ,챗째챙짼 ,챙쨔챗쨀짢챙째쨍,,챘째짤챙짠(H),챘째챘징챗째챗쨍째,75,90,140,60,60,40,465
96,챙쩍챠째챙짚,,챘쨋챗쩍,,챠챙챙째챗쨍째,챗째챘짯,챙징째챗째챘쨔챗째챙쨌(H),챘째챘징챗째챗쨍째,70,85,140,85,70,20,470
75,챘짭쨈챙짜챙징째,,챗째챙짼 ,챘쨔챠,챘 챙쨔쨈챘징챙쨈챘,챙쨔챗쨀짢챙째쨍,챗쨔짢챙쨈챙짠챗째챙쨌(H),챘째챘징챗째챗쨍째,65,80,140,40,70,70,465
194,챠짭챗째챘짜쨈챘,,챗째챙짼 ,챗쨀 챙짚챠쨍,챘째째챠챙짚챙챙쨔,,,챘째챘징챗째챗쨍째,60,50,140,50,140,60,500
128,챗짹째챘챙쩍챘쩔챘짝짭,,챘,챘째챙,챠쩌챘짖째챙쨔짢,챠챘챘징,챙쨈챠챙짭챠(H),챘째챘징챗째챗쨍째,115,140,130,55,55,40,535
129,챘짝짭챠쩌챙,,챠,,챘짝짭챠챗째챘,,챙쩍챘징챙(H),챘째챘징챗째챗쨍째,65,110,130,60,65,95,525
275,챘쨍챘짝짭챘챘쩌챙짚,,챗째챙짼 ,챘챘챗쨀짚,챙짠챗쨉짭챘 짜,챙쨔챗쨀짢챙째쨍,챗쨉쨀챗짹쨈챠챙 챘(H),챘째챘징챗째챗쨍째,90,105,130,125,65,85,600
260,챙쩍챘징챙챠쨍,,챘째챙,,챙 챠챙챙챗쨍,챙쨔챗쨀짢챙째쨍,챠쨈챘짝짭챙쨈챘째챘(H),챘째챘징챗째챗쨍째,100,100,130,45,90,35,500
156,챘짤챗째챘짚챘쨋챘,챘짤챗째챙짠챠,챘쨍챘짠,챠챙쨈챘짝짭,챙쨔챙 챙챘짠챙,,,챘째챘징챗째챗쨍째,103,60,126,80,126,50,545
58,챘짤챗째챙짜챠짭챘징챘짚챙쩌,챘짤챗째챙짠챠,챘짭쩌,챘챘챗쨀짚,,,챘챘챗쨀짚챙짚챠짢,챘째챘징챗째챗쨍째,85,160,125,89,93,78,630
239,챙짠챘챗쨀 챙째챗짹째,,챘챘챗쨀짚,챗짼짤챠짭,챘째짤챠,챘째짤챙,챘째짤챙짠(H),챘째챘징챗째챗쨍째,75,110,125,100,105,85,600
243,챙짭챘짚챙쨈챙짭,,챘,,챘짧짢챘챘쩔챗쨍째,챠챠쩌,챘짧짢챘챙짢챗쨍째(H),챘째챘징챗째챗쨍째,72,107,125,65,70,71,510
131,챗쨍챘쩌챙쨈챙짢,,챘,챘쨔챠,챗쨈쨈챘 짜챙짠챗짼,챘짧짢챘챙짢챗쨍째,챠짭챙쨈챙짝챠(H),챘째챘징챗째챗쨍째,75,95,125,45,75,95,510
85,챘짤챗째챗쨔챗쨔챘짱쨍,챘짤챗째챙짠챠,챙,챗쨀 챙짚챠쨍,챘짠짚챙짠챘짱쨍챘짭,,,챘째챘징챗째챗쨍째,50,85,125,85,115,20,480
2,챘짤챗째챙쨈챙챠쨈챗쩍,챘짤챗째챙짠챠,챠,챘,챘챗쨘쩌챙쨈챙짠챘째짤,,,챘째챘징챗째챗쨍째,80,100,123,122,120,80,625
225,챘짤챗째챘짧짢챘짢챘짢챗짼,챘짤챗째챙짠챠,챗짼짤챠짭,챙쩌챙,챙짼 챙짙쩌챘짢쨔,,,챘째챘징챗째챗쨍째,97,157,122,62,107,33,578
176,챘쨍챘짝짭챗째챘징 ,,챠,챗짼짤챠짭,챙짭챘징,,챘째짤챠(H),챘째챘징챗째챗쨍째,88,107,122,74,75,64,530
215,챠챠짢챙쨍,(챠쨔챘),챗쨀 챙짚챠쨍,챠,챠쩍챙,챠쨉챙째째,챘쨋챘짤쨈(H),챘째챘징챗째챗쨍째,85,100,122,58,75,54,494
214,챠챠짢챙쨍,(챘),챗쨀 챙짚챠쨍,챠,챠쩍챙,챠쨉챙째째,챘쨋챘짤쨈(H),챘째챘징챗째챗쨍째,75,95,122,58,75,69,494
212,챠챠짢챙쨍,(챘쨀쨈챠쨉),챗쨀 챙짚챠쨍,챠,챠쩍챙,챠쨉챙째째,챘쨋챘짤쨈(H),챘째챘징챗째챗쨍째,65,90,122,58,75,84,494
213,챠챠짢챙쨍,(챙),챗쨀 챙짚챠쨍,챠,챠쩍챙,챠쨉챙째째,챘쨋챘짤쨈(H),챘째챘징챗째챗쨍째,55,85,122,58,75,99,494
37,챘짤챗째챙챙짭챙쨈챙 ,챘짤챗째챙짠챠,챘짼챘 ,챘쨔챠,챙짚챙쨔쨈챙쨈챙짚챠짢,,,챘째챘징챗째챗쨍째,65,155,120,65,90,105,600
273,챘챘챗째챙째쨍,,챙,챗째챙짼 ,챙짚챗쨍째,챙쨈챘챙짜,챠챘 챙(H),챘째챘징챗째챗쨍째,100,135,120,60,85,50,550
7,챘짤챗째챗짹째챘쨋챙,챘짤챗째챙짠챠,챘짭쩌,,챘짤챗째챘째챙짼,,,챘째챘징챗째챗쨍째,79,103,120,135,115,78,630
199,챗짼짭챗쨀 챘쩌챙짚,,챘째챙,챘챘챗쨀짚,챙쨔챗쨀짢챙째짭챠짹,,챘챘짢쨍챘짝짭(H),챘째챘징챗째챗쨍째,82,121,119,69,59,71,521
123,챠챘짠챘,,챘,,챘짧짢챘챘 챘짝쩌,,챘짧짢챘챙챠(H),챘째챘징챗째챗쨍째,108,112,118,68,72,47,525
74,챘짤챗째챠짚챘쩌챠짭챘징챙짚,챘짤챗째챙짠챠,챘짼챘 ,챗짼짤챠짭,챙짚챠짭챘짠챠짭,,,챘째챘징챗째챗쨍째,80,185,115,40,105,75,600
120,챘짤챗째챠챙쨔쨈챘짝짭챙챙짚,챘짤챗째챙짠챠,챘챘챗쨀짚,챘,챘짧짢챘챙챠,,,챘째챘징챗째챗쨍째,108,170,115,120,95,92,700
52,챘짤챗째챘짠챘챘쩍,챘짤챗째챙짠챠,챘챘챗쨀짚,챘쨔챠,챘짤챠째챙짚챙쩌챙쩌,,,챘째챘징챗째챗쨍째,91,124,115,145,125,100,700
54,챘짤챗째챘짤챗째챘챙,챘짤챗째챙짠챠,챠,,챘짤챗째챙챘쩌,,,챘째챘징챗째챗쨍째,80,92,115,143,115,80,625
4,챘짤챗째챘짝짭챙챘짧쩍X,챘짤챗째챙짠챠 X,챘쨋챗쩍,챘챘챗쨀짚,챘짢챘짢챠챘째챠짹,,,챘째챘징챗째챗쨍째,78,130,111,130,85,100,634
76,챘짤챗째챘짭쨈챙짜챙징째,챘짤챗째챙짠챠,챗째챙짼 ,챘쨔챠,챗쨉쨀챗짹쨈챠챙 챘,,,챘째챘징챗째챗쨍째,65,140,110,40,100,110,565
79,챘짠챗쨍째챘쩌챙짚,,챘째챙,챙,챘짧짢챘챘 챘짝쩌,,챗쨍쨈챙짜챗째(H),챘째챘징챗째챗쨍째,100,134,110,95,100,61,600
98,챘짤챗째챠챘쨔챙쩍챘짝짭,챘짤챗째챙짠챠,챘챘챗쨀짚,챠챙쨈챘짝짭,챠챙쨈챘짝짭챙짚챠짢,,,챘째챘징챗째챗쨍째,75,110,110,110,105,80,590
238,챘짤챗째챠 챘쨔챘징짹,챘짤챗째챙짠챠,챘쨍챘짠,챘챘챗쨀짚,챘째챘,,,챘째챘징챗째챗쨍째,78,85,110,160,116,36,585
276,챗쨀쩌챘짱쨍챘챘쩌,,챠,챘챘챗쨀짚,챗째챘짱쨍챘징챙쨈챗쩔,챙짭챙챘 짜,챙 챙째짤(H),챘째챘징챗째챗쨍째,106,80,110,120,80,44,540
27,챙쩌챘챘,,챘짭쩌,챙챙짚챠쩌,챘챗째,챘짠챙쨈챠챙쨈챙짚,챙짭챙챘 짜(H),챘째챘징챗째챗쨍째,95,75,110,100,80,30,490
168,챘짤챗째챙쨔챘쨍챘쩌,챘짤챗째챙짠챠,챗쨀 챙짚챠쨍,챘쨋챗쩍,챠챙챠짭챙째짤,,,챘째챘징챗째챗쨍째,60,75,110,175,110,90,620
65,챘쨍챘챠짚,,챙,,챙짹챠짭챘징,,챙 챙 챘 짜(H),챘째챘징챗째챗쨍째,95,65,110,60,130,65,525
130,챗쨍챘 챙쨈챙챙,,챙쩌챙,,챘챙짢챗쨍째,,챙챙쨈챙짚챘째챘(H),챘째챘징챗째챗쨍째,65,60,110,130,95,65,525
104,챘짤챗째챙쨔챘 ,챘짤챗째챙짠챠,챙챙짚챠쩌,챗째챙짼 ,챘쨋챙 ,,,챘째챘징챗째챗쨍째,75,50,110,135,120,65,555
43,챘짤챗째챗째쨍챘쩌챘챙짚,챘짤챗째챙짠챠,챘짭쩌,챙,챠챗쨔짢챗쨍째,,,챘째챘징챗째챗쨍째,95,155,109,70,130,81,640
118,챠챗째챘,,챗쨀 챙짚챠쨍,챙,챠챘 챙,,챠챙챠짭챙째짤(H),챘째챘징챗째챗쨍째,50,92,108,92,108,35,485
138,챠챘징챙짚챠쨍챘징챠 챘짭쨈,,챙 챗쨍째,챘쨋챗쩍,챘쨋챙 ,,,챘째챘징챗째챗쨍째,50,65,107,105,107,86,520
139,챙챙챘징챠 챘짭쨈,,챙 챗쨍째,챘짭쩌,챘쨋챙 ,,,챘째챘징챗째챗쨍째,50,65,107,105,107,86,520
140,챠챘징챙짚챠쨍챘징챠 챘짭쨈,,챙 챗쨍째,챙쩌챙,챘쨋챙 ,,,챘째챘징챗째챗쨍째,50,65,107,105,107,86,520
141,챙짚챠챘징챠 챘짭쨈,,챙 챗쨍째,챘쨔챠,챘쨋챙 ,,,챘째챘징챗째챗쨍째,50,65,107,105,107,86,520
142,챙쨩짚챠쨍챘징챠 챘짭쨈,,챙 챗쨍째,챠,챘쨋챙 ,,,챘째챘징챗째챗쨍째,50,65,107,105,107,86,520
274,챗쨌쨍챙째챘짝째챙째짢,,챠,챗쨀 챙짚챠쨍,챘챙 ,,챘쨈챙쨈(H),챘째챘징챗째챗쨍째,71,60,106,121,80,70,508
173,챘짤챗째챗쨀짢챘짙짢챗쨌쨍,챘짤챗째챙짠챠,챘,챗쨀 챙짚챠쨍,챘쨀쨈챙쨈챙짠챙챘챙짙쩌챘짢쨔,,,챘째챘징챗째챗쨍째,89,159,105,70,105,55,583
126,챘짤챗째챘챙짚챙,챘짤챗째챙짠챠,챠,챙쩌챙,챘챠쩌챘짢챘짝짭챗쨍째,,,챘째챘징챗째챗쨍째,90,132,105,132,105,30,594
39,챙쩌챠챘징챙짚,챠챘째챙-챙쨩쨈챘짹챙짖,챗짼짤챠짭,,챙챠,챘쨋챘쨍챙챗짼쩍챠,챘챙챗쨔챙짠,챘째챘징챗째챗쨍째,75,110,105,30,70,100,490
40,챙쩌챠챘징챙짚,챠챘째챙-챘쨍챘 챙쨈챙짝챙짖,챗짼짤챠짭,챘쨋챗쩍,챙챠,챘쨋챘쨍챙챗짼쩍챠,챘챙챗쨔챙짠,챘째챘징챗째챗쨍째,75,110,105,30,70,100,490
41,챙쩌챠챘징챙짚,챠챘째챙-챙챠째챙짖,챗짼짤챠짭,챘짭쩌,챙챠,챘쨋챘쨍챙챗짼쩍챠,챘챙챗쨔챙짠,챘째챘징챗째챗쨍째,75,110,105,30,70,100,490
109,챠 챘챘쨋챗쨍째,,챠,챘,챙짭챘징,,챙징째챗째챘쨔챗째챙쨌(H),챘째챘징챗째챗쨍째,95,109,105,75,85,56,525
35,챘짤챗째챙챙쩔 챙짚챠,챘짤챗째챙짠챠,챘짭쩌,챙챙짚챠쩌,챙짼챠챙짜챙짭,,,챘째챘징챗째챗쨍째,60,100,105,130,105,120,620
61,챘짤챗째챙 챘짙징,챘짤챗째챙짠챠,챙 챗쨍째,챘챘챗쨀짚,챠챗쨔짢챗쨍째,,,챘째챘징챗째챗쨍째,90,95,105,165,110,45,610
271,챘짤챗째챠짭챘쩌챠챘징챘짜쨈,챘짤챗째챙짠챠,챘째챙,챘,챙 챙챘 짜,,,챘째챘징챗째챗쨍째,83,90,105,150,96,101,625
240,챙챘짢쨍챗쨔챙짚,,챘쨔챠,챗째챙짼 ,챠챘 챙,챗쨍쨈챙짜챗째,챘짱쨍챘짭챙챘짢쨍(H),챘째챘징챗째챗쨍째,98,87,105,53,85,67,495
154,챘짤챗째챘짧째챘챘짜,챘짤챗째챙짠챠,챘,챗째챙짼 ,챗쨈챠쨉챘챘짝쨈,,,챘째챘징챗째챗쨍째,110,165,100,65,65,103,608
203,챘짤챗째챘짙짢챙째짢챘쨋,챘짤챗째챙짠챠,챗짼짤챠짭,챘쨔챠,챘쨍챗째챘,,,챘째챘징챗째챗쨍째,78,137,100,74,93,118,600
71,챠짬챙쩌,,챘짼챘 ,챗째챙짼 ,챘짼챘 챙챙챘짝쩌,챠챠짭챘챙,챘쩌챙쨈챠쨍챘짤챠(H),챘째챘징챗째챗쨍째,70,130,100,55,80,65,500
33,챘짤챗째챙쨘짜챙쨔쨈,챘짤챗째챙짠챠,챘쨍챘짠,,챘쨋챙챙 챙쨔,,,챘째챘징챗째챗쨍째,105,125,100,60,100,100,590
230,챘짠챘짠챘,,챘,,챘짠챙쨈챠챙쨈챙짚,챙짠챗쨉짭챘 짜,챙 챙 챘 짜(H),챘째챘징챗째챗쨍째,100,125,100,55,85,35,500
36,챙챙짭챙쨈챙 ,,챘짼챘 ,,챗쨈쨈챘 짜챙짠챗짼,챠챗쨔짢챗쨍째,챙챗쨍째챗쨀쩌챙 (H),챘째챘징챗째챗쨍째,65,125,100,55,70,85,500
95,챘짤챗째챠짯챠,챘짤챗째챙짠챠,챘쨋챗쩍,챘,챙째챗짼짤챘짚챙짠,,,챘째챘징챗째챗쨍째,70,120,100,145,105,20,560
57,챙짜챠짭챘징챘짚챙쩌,,챘짭쩌,,챗쨍챘짜,,챙째챗짼짤챘짚챙짠(H),챘째챘징챗째챗쨍째,85,105,100,79,83,78,530
206,챘짱쨍챘챘챗쨀짚,챠챙짚챙쨈,챗째챙짼 ,챘챘챗쨀짚,챙쨈챙,챙징째챗째챘쨔챗째챙쨌,챘짱쨍챘챘짱쨍챘(H),챘째챘징챗째챗쨍째,80,100,100,110,150,60,600
6,챗짹째챘쨋챙,,챘짭쩌,,챗쨍챘짜,,챙 챙챙 챙(H),챘째챘징챗째챗쨍째,79,83,100,85,105,78,530
53,챘짤챗째챘챙,챘짤챗째챙짠챠,챠,,챙짭챘징,,챘짝짭챠챗째챘(H),챘째챘징챗째챗쨍째,80,82,100,83,100,80,525
257,챘쩌챙째챘챘쨀쨍,,챘쨋챗쩍,챗쨀 챙짚챠쨍,챘짠쨔챠,,챙짼챙짠(H),챘째챘징챗째챗쨍째,104,75,100,110,75,66,530
261,챙쨔쨈챘챘챘짜쨈챘짠,,챘쨋챗쩍,챙챙짚챠쩌,챠챙짚챘짜쨈챘챘쨋챗쩍,,챗쨔짢챙쨈챙짠챗째챙쨌(H),챘째챘징챗째챗쨍째,85,60,100,125,80,75,525
81,챠짢챘짝짭챠쩌,,챘짭쩌,챘쨔챠,챘 챙쨔쨈챘징챙쨈챘,챙챘쨔,챙 챙챙 챙(H),챘째챘징챗째챗쨍째,60,50,100,95,70,65,440
171,챘짤챘,챗째챘쩌챘짜쨈,챘,챗째챙짼 ,챙챠,,,챘째챘징챗째챗쨍째,109,81,99,66,84,32,471
233,챘짭챙쩍챠쨍,,챠,,챘짝짭챠챗째챘,챙짭챙챙챙챙,챙짚챙챠쨍챘짼 챙쩌(H),챘째챘징챗째챗쨍째,72,120,98,50,98,72,510
267,챘챠챘짠짢,챘짠챙쨈챠째 챠쩌,챘짭쩌,,챘짠챙쨈챠째챙짼쨈챙쨍챙짠,,,챘째챘징챗째챗쨍째,100,160,97,106,87,100,650
134,챘짤챗째챙챘 챙쨈챘,챘짤챗째챙짠챠,챙챙짚챠쩌,챗짼짤챠짭,챙 챙 챘 짜,,,챘째챘징챗째챗쨍째,68,165,95,65,115,110,618
157,챘쨍챘쨀쨈챙짼짯,,챗짼짤챠짭,,챗쨌쩌챙짹,챙째챗짼짤챘짚챙짠,챙짼 챙짙쩌챘짢쨔(H),챘째챘징챗째챗쨍째,105,140,95,55,65,45,505
252,챙짭챘짠챙챘짜쨈,,챘짼챘 ,챘째챙,챘짼챘 챙챙챘짝쩌,챙째챗짼짤챘짚챙짠,챙챘짝짭챠짢(H),챘째챘징챗째챗쨍째,70,135,95,45,70,85,500
51,챘짠챘챘쩍,,챘챘챗쨀짚,챘쨔챠,챙 챙 챘 짜,,챘짤챠째챙짚챙쩌챙쩌(H),챘째챘징챗째챗쨍째,91,134,95,100,100,80,600
119,챠챙쨔쨈챘짝짭챙챙짚,,챘챘챗쨀짚,챘,챘짧짢챘챙짢챗쨍째,,챗쨔챙쨔 챠챠쩌챘쨋(H),챘째챘징챗째챗쨍째,108,130,95,80,85,102,600
29,챙쩌챘챘,챗째챘쩌챘짜쨈,챘,챙챙짚챠쩌,챠쨉챘챘징,챘짠챙쨈챠챙쨈챙짚,챙짭챙챘 짜(H),챘째챘징챗째챗쨍째,95,100,95,100,70,30,490
38,챙쩌챠챘징챙짚,,챘쨍챘짠,,챙챠,챘쨋챘쨍챙챗짼쩍챠,챙째챗짼짤챘짚챙짠(H),챘째챘징챗째챗쨍째,75,100,95,40,70,110,490
245,챘쨍챘짝짭챘짭쨈챙,,챙챙짚챠쩌,챠챙쨈챘짝짭,챙쨔챙 챙챘짠챙,챙챠챙챙짠,챘짠짚챙짠챘짱쨍챘짭(H),챘째챘징챗째챗쨍째,57,90,95,136,103,29,510
143,챙짚챘징챘짚,,챠,,챙짭챘징,,챙짭챙 챗쩐쨍챘짭챗쨍째(H),챘째챘징챗째챗쨍째,75,75,95,75,95,113,528
117,챘짤챗째챙쨈챙쨈챘징짯,챘짤챗째챙짠챠,챘쨍챘짠,챗짼짤챠짭,챘째째챙짠짹,,,챘째챘징챗째챗쨍째,65,136,94,54,96,135,580
17,챘짤챗째챠쩍챙,챘짤챗째챙짠챠,챠챙쨈챘짝짭,,챘짠짚챙짠챘짱쨍챘짭,,,챘째챘징챗째챗쨍째,95,80,93,135,110,70,583
231,챗쨔짢챘쨔챘짭쩌챗짹째챘짱쨍,,챘짭쩌,챘짼챘 ,챙챠짭,,챙 챙(H),챘째챘징챗째챗쨍째,68,70,92,50,132,42,454
207,챠쨈챘 챠쩌,,챗째챙짼 ,챠챙쨈챘짝짭,챙짠챗쨋챙챘짠챙,,챘짠짚챙짠챙(H),챘째챘징챗째챗쨍째,57,80,91,80,87,75,470
263,챙째챘짝짭챘째째챘짝짭,,챙 챗쨍째,,챙 챗쨍째챘징챘째챗쩐쨍챗쨍째,챙 챙 챗쨍째,챙쨉챗쨍째(H),챘째챘징챗째챗쨍째,109,64,91,103,83,45,495
235,챘쨈챘챙짯챙쨈,,챗짼짤챠짭,,챘짝짭챙챘짼,,챙짚챗쨍째(H),챘째챘징챗째챗쨍째,100,120,90,40,60,80,490
221,챙쨈챠짜챙쩌,,챘쨋챗쩍,챙,챘짠쨔챠,,챙챠(H),챘째챘징챗째챗쨍째,95,115,90,80,90,60,530
174,챙쩌챙쩌챘챘,,챙,챘챘챗쨀짚,챘쨋챙 ,,,챘째챘징챗째챗쨍째,92,105,90,125,90,98,600
78,챘짤챗째챠짭챗째,챘짤챗째챙짠챠,챙,챘쨋챗쩍,챙 챠챙,,,챘째챘징챗째챗쨍째,75,90,90,140,90,115,600
97,챠챘쨔챙쩍챘짝짭,,챘챘챗쨀짚,챘쨔챠,챙챙째챠챘쨀쨉,,챘 챙짢챘쨋챙 (H),챘째챘징챗째챗쨍째,75,70,90,70,105,80,490
270,챠짭챘쩌챠챘징챘짜쨈,,챘째챙,챘,챘챙쨔챙짜,,챘쨋챙(H),챘째챘징챗째챗쨍째,83,55,90,130,81,86,525
167,챙쨔챘쨍챘쩌,,챗쨀 챙짚챠쨍,챘쨋챗쩍,챠챙짚챘짜쨈챘챘쨋챗쩍,챘쨋챗쩍챘짧쨍,챠챙챠짭챙째짤(H),챘째챘징챗째챗쨍째,60,55,90,145,90,80,520
122,챘짤챗째챘짙짢챙쨔쨈챘짝짭챙짚,챘짤챗째챙짠챠,챗짼짤챠짭,챗째챙짼 ,챙 챙챘 짜,,,챘째챘징챗째챗쨍째,70,145,88,140,70,112,625
111,챙 챠챘짜쨈챠쨍,,챘짭쩌,챗째챙짼 ,챗쨍챘짜,,챙쨔챗쨍째(H),챘째챘징챗째챗쨍째,84,86,88,111,101,60,530
197,챘쨍챘징챙짚챠째,,챘짭쩌,,챘짤챗째챘째챙짼,,,챘째챘징챗째챗쨍째,71,73,88,120,89,59,500
196,챘챘짙짢챘짝쩌,,챠챙쨈챘짝짭,,챙짚챙챠쨍챘짼 챙쩌,,챗쨀징챙(H),챘째챘징챗째챗쨍째,82,80,86,85,75,72,480
155,챘짚챘쨋챘,,챘쨍챘짠,,챙쨔챙 챙챘짠챙,챙짭챙챘 짜,챙챠짭챘짝(H),챘째챘징챗째챗쨍째,103,60,86,60,86,50,445
265,챘짤챗째챙짚챙쩍챘쨔챘째,챘짤챗째챙짠챠,챠,챘쨋챗쩍,챘째챙쨀챘챙짢챠챘째챘짚챘징,,,챘째챘징챗째챗쨍째,65,138,85,138,85,75,586
49,챘짤챗째챠챠챘쩌,챘짤챗째챙짠챠,챘째챙,챘쨔챠,챘짢챘짢챠챘째챠짹,,,챘째챘징챗째챗쨍째,80,135,85,70,95,150,615
26,챘짤챗째챙째챙쨍 챘쨀쨈챠쨍,챘짤챗째챙짠챠,챠,챘,챘쨈챙짤챘짭쩌챘쨋챙쨋,,,챘째챘징챗째챗쨍째,80,125,85,135,95,70,590
146,챘챗짼챗쨌,,챘짭쩌,,챗쨍챘짜,,챙징째챗째챘쨔챗째챙쨌(H),챘째챘징챗째챗쨍째,95,100,85,108,70,70,528
89,챘짤챗째챙챗째챘짢,챘짤챗째챙짠챠,챗짼짤챠짭,챙챙짚챠쩌,챙챙챠챠,,,챘째챘징챗째챗쨍째,60,100,85,80,85,100,510
165,챘째째챘째챘챘쩌,,챙쩌챙,,챙챙쨈챙짚챘째챘,챘챠쩌챘짢챘짝짭챗쨍째,챗쨔짢챙쨈챙짠챗째챙쨌(H),챘째챘징챗째챗쨍째,71,95,85,110,95,79,535
60,챙 챘짙징,,챙 챗쨍째,,챙 챙 챗쨍째,,챠챘짭챙짚(H),챘째챘징챗째챗쨍째,90,75,85,115,90,55,510
34,챙챙쩔 챙짚챠,,챘짭쩌,챙챙짚챠쩌,챘째챗쨈,챙챙째챠챘쨀쨉,챙 챘챘쩌챙쨈챙짝(H),챘째챘징챗째챗쨍째,60,75,85,100,85,115,520
158,챙챠,,챠,챠챙쨈챘짝짭,챙짠챗쨋챙챘짠챙,챠챙챠짭챙째짤,챙쩍챘징챙(H),챘째챘징챗째챗쨍째,60,67,85,77,75,116,480
237,챠 챘쨔챘징짹,,챘쨍챘짠,챘챘챗쨀짚,챘째챘,챙쨈챙,챘 챙짢챘쨋챙 (H),챘째챘징챗째챗쨍째,78,60,85,135,91,36,485
116,챙쨈챙쨈챘징짯,,챘쨍챘짠,,챠짚챘징짹챠짚챘징짹챘째챘,챙챠짭챘짝,챙 챙째(H),챘째챘징챗째챗쨍째,65,76,84,54,96,105,480
170,챘짤챘,,챘,챙 챗쨍째,챙 챙 챗쨍째,챙 챙째,챘짧짢챘챙짢챗쨍째(H),챘째챘징챗째챗쨍째,109,66,84,81,99,32,471
1,챙쨈챙챠쨈챗쩍,,챠,챘,챙짭챘징,,챙쩍챘징챙(H),챘째챘징챗째챗쨍째,80,82,83,100,100,80,525
161,챘챙짚챠쨍챘,,챘,,챙챙쨌짢,챗쨔짢챙쨈챙짠챗째챙쨌,챙 챠짯(H),챘째챘징챗째챗쨍째,80,95,82,60,82,75,474
132,챘짠챘짧짢챗쩐쨍챘짝짭,,챙쩌챙,챘,챘챗째,챘챙짢챗쨍째,챘챗쨘쩌챙쨈챙짠챘째짤(H),챘째챘징챗째챗쨍째,110,130,80,70,60,80,530
169,챠째챘짼 챙쨈,,챙쩌챙,,챘챙짢챗쨍째,챘챙쨔챙째챗쨍째,챙짹챙짹(H),챘째챘징챗째챗쨍째,95,130,80,70,80,50,505
24,챗쨈쨈챘 짜챘짧짭,,챗짼짤챠짭,,챗쨌쩌챙짹,챘쨍챗째챘,챘쨋챗쨉쨈챙챘짠챙(H),챘째챘징챗째챗쨍째,90,130,80,65,85,55,505
262,챠챘쩌챘쨍챘 챙쨈챙짝,,챘쨋챗쩍,챗쨀 챙짚챠쨍,챠챙짚챘짜쨈챘챘쨋챗쩍,,챗쨔짢챙쨈챙짠챗째챙쨌(H),챘째챘징챗째챗쨍째,75,125,80,60,100,85,525
172,챗쨀짢챘짙짢챗쨌쨍,,챘,챗쨀 챙짚챠쨍,챙짼 챙짙쩌챘짢쨔,챙챠짭챘짝,챘쨍챗째챘(H),챘째챘징챗째챗쨍째,89,124,80,55,80,55,483
258,챙짢챙쨈챘챘째,,챘짭쩌,챗짼짤챠짭,챗쨍챘짜,,챙챗쨍째챗쨀쩌챙 (H),챘째챘징챗째챗쨍째,85,120,80,85,75,85,530
108,챘짤챗째챙쩌챙챗쨌챙 ,챘짤챗째챙짠챠,챙쩌챙,,챠챘짝짭챙짝챙짚챠짢,,,챘째챘징챗째챗쨍째,80,120,80,120,80,100,580
159,챙챘쨔챙챘짜쨈,,챘,챙,챙챠,챙챗쨍째챗쨀쩌챙 ,챘쨋챘쨍챙챗짼쩍챠(H),챘째챘징챗째챗쨍째,95,117,80,65,70,92,519
21,챙챘,챠챙짚챙쨈,챘쨋챗쩍,챘째챙,챙챠,챠챙짚챘짜쨈챘챘쨋챗쩍,챘챘짢쨍챘짝짭(H),챘째챘징챗째챗쨍째,95,115,80,95,80,90,555
220,챘짧짢챠짭챘챙쨈챠쩌,챠챙짚챙쨈,챠,챗짼짤챠짭,챙짭챘징,,챘째째챙짠짹(H),챘째챘징챗째챗쨍째,88,112,80,95,95,60,530
20,챙챘,,챘쨋챗쩍,,챙챠,챠챙짚챘짜쨈챘챘쨋챗쩍,챙 챙챙챘짠챙(H),챘째챘징챗째챗쨍째,90,110,80,100,80,95,555
241,챙 챠챘짙징,,챠,챘챘챗쨀짚,챙챙짹,챘짢쨔챘쨀쨈,챙챙(H),챘째챘징챗째챗쨍째,70,110,80,95,60,70,485
147,챘챗짼챗쨌,챠챙짚챙쨈,챘짭쩌,챙,챗쨍챘짜,,챙챘짝짭챠짢(H),챘째챘징챗째챗쨍째,90,108,80,100,65,85,528
32,챙쨘짜챙쨔쨈,,챘쨍챘짠,,챙쩌챙째챗쨍째챙,챘째째챙짠짹,챙 챙 챘 짜(H),챘째챘징챗째챗쨍째,105,95,80,40,80,90,490
236,챘째챘쩌챠,,챗쨀 챙짚챠쨍,챠챙쨈챘짝짭,챠,,,챘째챘징챗째챗쨍째,55,90,80,50,105,96,476
242,챘짢챙짠챘챠,,챠,챘챘챗쨀짚,챙챙짹,챘짢쨔챘쨀쨈,챘챗쨘쩌챙쨈챙짠챘째짤(H),챘째챘징챗째챗쨍째,110,85,80,100,80,30,485
11,챘짤챗째챠쩌챙짙짚챠짭,챘짤챗째챙짠챠,챘쨍챘짠,챘쨔챠,챘쨍챗째챘,,,챘째챘징챗째챗쨍째,83,80,80,135,80,121,579
107,챙쩌챙챗쨌챙 ,,챙쩌챙,,챙 챙 챘 짜,챙챙쨈챙짚챘째챘,챘쨀챘챙챙쨈(H),챘째챘징챗째챗쨍째,80,80,80,80,80,80,480
66,챙쩌챘챠쨔,,챘짭쩌,챙챙짚챠쩌,챘챗째,챘짠챙쨈챠챙쨈챙짚,챙짭챙챘 짜(H),챘째챘징챗째챗쨍째,95,75,80,100,110,30,490
91,챘짤챗째챙짭챘챘쨀쩌챠쨍,챘짤챗째챙짠챠,챙 챗쨍째,,챙챠,,,챘째챘징챗째챗쨍째,70,75,80,135,80,135,575
218,챙챘짼,,챘쨔챠,챘챘챗쨀짚,챠쨉챙째째,챠챙챠짭챙째짤,챠챘 챠챙(H),챘째챘징챗째챗쨍째,85,70,80,97,80,123,535
67,챙쩌챘챠쨔,챗째챘쩌챘짜쨈,챘,챙챙짚챠쩌,챗쨍째챘짭챠챙쩍,챘짠챙쨈챠챙쨈챙짚,챙짭챙챘 짜(H),챘째챘징챗째챗쨍째,95,65,80,110,110,30,490
31,챘짤챗째챠짭챠,챘짤챗째챙짠챠,챗쨀 챙짚챠쨍,챘,챗쨌쨍챘짝쩌챙챘째챗쨍째,,,챘째챘징챗째챗쨍째,60,65,80,170,95,130,600
234,챠챘챙째챠,,챘쨍챘짠,챙챙짚챠쩌,챙 챙 챘 짜,챠챘 챠챙,챗쨀쨉챙(H),챘째챘징챗째챗쨍째,90,60,80,90,110,60,490
62,챘짠챘짝쨈챘짝짭,,챘짭쩌,챠챙쨈챘짝짭,챘챗쨘쩌챙쨈챙짠챘째짤,챙짼챠챙짜챙짭,챙쨈챙(H),챘째챘징챗째챗쨍째,100,50,80,60,80,50,420
103,챙쨔챘 ,,챙챙짚챠쩌,,챘쨋챙 ,,,챘째챘징챗째챗쨍째,75,50,80,95,90,65,455
42,챗째쨍챘쩌챘챙짚,,챘짭쩌,챘쨔챠,챙챠,,챙챗쨍째챗쨀쩌챙 (H),챘째챘징챗째챗쨍째,95,125,79,60,100,81,540
112,챘 챠쨍챘쩌,,챙 챗쨍째,,챠짭챙챙짭,챙챠,챗쨌쩌챙짹(H),챘째챘징챗째챗쨍째,80,120,79,95,79,70,523
99,챘째챘징챠짹,,챘짭쩌,,챙쨈챙챠챘쨔챘,챙쨔챗쨍째,챠짚챘징짹챠짚챘징짹챘째챘(H),챘째챘징챗째챗쨍째,95,60,79,100,125,81,540
189,챘쨋챘챘짚,,챗짼짤챠짭,챙,챙짼 챙짙쩌챘짢쨔,챠챗쨔짢챗쨍째,챘째째챙짠짹(H),챘째챘징챗째챗쨍째,95,124,78,69,71,58,495
5,챘짤챗째챘짝짭챙챘짧쩍Y,챘짤챗째챙짠챠 Y,챘쨋챗쩍,챘쨔챠,챗째챘짯,,,챘째챘징챗째챗쨍째,78,104,78,159,115,100,634
3,챘짝짭챙챘짧쩍,,챘쨋챗쩍,챘쨔챠,챘짠쨔챠,,챙 챠챙(H),챘째챘징챗째챗쨍째,78,84,78,109,85,100,534
55,챘쨍챘 챙쨈챘짼,,챘쨋챗쩍,,챘짠쨔챠,,챠챙짚챘짜쨈챘챘쨋챗쩍(H),챘째챘징챗째챗쨍째,78,84,78,109,85,100,534
56,챘쨍챘 챙쨈챘짼,챠챙짚챙쨈,챘쨋챗쩍,챗쨀 챙짚챠쨍,챘짠쨔챠,,챠쨉챙째째(H),챘째챘징챗째챗쨍째,73,84,78,119,85,95,534
224,챘짧짢챘짢챘짢챗짼,,챗짼짤챠짭,챙쩌챙,챗쨈쨈챘 짜챙짠챗짼,챙짼 챙짙쩌챘짢쨔,챘쨋챘쨍챙챗짼쩍챠(H),챘째챘징챗째챗쨍째,97,132,77,62,67,43,478
181,챘짤챗째챗째챗쨉쨈챘챙,챘짤챗째챙짠챠,챘짭쩌,챙,챘쨀챠챙챙짭,,,챘째챘징챗째챗쨍째,72,125,77,133,81,142,630
267,챘챘챘짝짭챙짠짹,,챠챙쨈챘짝짭,챗째챙짼 ,챠챗쨔짢챗쨍째,챘짠챙쨈챠챙쨈챙짚,챘챙챙챘짼챘짝(H),챘째챘징챗째챗쨍째,85,75,77,70,105,94,506
182,챠챘짜쨈챠 ,,챘쨍챘짠,챘,챠쩍챙,챘쨀쩌챙짙쩌챘짢쨍챘,챙짼챠챙짜챙짭(H),챘째챘징챗째챗쨍째,85,56,77,50,77,78,423
137,챘징챠 챘짭쨈,,챙 챗쨍째,챗쨀 챙짚챠쨍,챘쨋챙 ,,,챘째챘징챗째챗쨍째,50,50,77,95,77,91,440
208,챘챘징챠쨍,,챗쨀 챙짚챠쨍,챠,챙챙째챠챘쨀쨉,챠쨉챙째째,챙챠(H),챘째챘징챗째챗쨍째,85,110,76,65,82,56,474
191,챘챙짚챘챙짚,(챙챙쨩쨌),챙챙짚챠쩌,,챘 챙쨔쨈챘징챙쨈챘,챠챙챠짭챙째짤,챙짠챗쨋챙챘짠챙(H),챘째챘징챗째챗쨍째,74,48,76,83,81,104,466
192,챘짤챗째챘챙짚챘챙짚,챘짤챗째챙짠챠,챙챙짚챠쩌,,챠쨍챘 챙쨈챙짚,,,챘째챘징챗째챗쨍째,74,48,76,143,101,124,566
193,챘챙짚챘챙짚,(챙챙쨩쨌),챙챙짚챠쩌,,챘 챙쨔쨈챘징챙쨈챘,챠챙챠짭챙째짤,챙쨔챗쨍째(H),챘째챘징챗째챗쨍째,74,48,76,83,81,104,466
102,챘짤챗째챘짚챠짭챠짬,챘짤챗째챙짠챠,챗쨀 챙짚챠쨍,,챙짠챗쨋챙챘짠챙,,,챘째챘징챗째챗쨍째,64,165,75,93,83,75,555
145,챘짤챗째챙쩌챘짭쨈챙,챘짤챗째챙짠챠,챘쨋챗쩍,챗짼짤챠짭,챠챗쨔짢챗쨍째,,,챘째챘징챗째챗쨍째,110,148,75,110,110,75,628
73,챠짚챘쩌챠짭챘징챙짚,,챘짼챘 ,챗짼짤챠짭,챘짼챘 챙챙챘짝쩌,챗쨌쩌챙짹,챙챗쨍째챗쨀쩌챙 (H),챘째챘징챗째챗쨍째,80,125,75,40,95,85,500
250,챘챘챠챠쨍,,챘챘챗쨀짚,챗쨀 챙짚챠쨍,챠쨈챘짝짭챙쨈챘째챘,챠챙챠짭챙째짤,챙 챙짙쩌챘째챙챘째챘(H),챘째챘징챗째챗쨍째,88,120,75,100,75,142,600
223,챙챠째챘쨋챘짝짭,,챘쨍챘짠,챘쨔챠,챘 챙쨔쨈챘징챙쨈챘,챙짚챠짭챘짠챠짭,챙째챗짼짤챘짚챙짠(H),챘째챘징챗째챗쨍째,80,120,75,75,75,60,485
227,챘짙짢챗째챘짙짢챙,챠챘째짚챙짚챙 챘짧짢챙쨉,챘째챙,,챘 챙쨔쨈챘징챙쨈챘,챙챗쨍째챙챙,챘쨍챗째챘(H),챘째챘징챗째챗쨍째,85,115,75,55,75,82,487
219,챘짧짢챠짭챘챙쨈챠쩌,,챠,챗쨀 챙짚챠쨍,챙짭챘징,,챙챗짼짤(H),챘째챘징챗째챗쨍째,78,107,75,100,100,70,530
125,챘챙짚챙,,챠,챙쩌챙,챘챠쩌챘짢챘짝짭챗쨍째,,챘째짤챙(H),챘째챘징챗째챗쨍째,90,92,75,92,85,60,494
202,챘짙짢챙째짢챘쨋,,챗짼짤챠짭,챘쨔챠,챙 챙째,챗쨀징챙,챠챗쨔짢챗쨍째(H),챘째챘징챗째챗쨍째,78,92,75,74,63,118,500
246,챘짠챙챗쩍챗쩍,,챙쩌챙,챙챙짚챠쩌,챗째챙짠챙챗짹쨍챙,챘째째챘짝짭챙쨈챠챘짝짭,챙챙쨈챙짚챘째챘(H),챘째챘징챗째챗쨍째,80,85,75,110,100,70,520
10,챠쩌챙짙짚챠짭,,챘쨍챘짠,챘쨔챠,챘 챙쨔쨈챘징챙쨈챘,챗째챙짠챙챗짹쨍챙,챘쨋챠챘짝째챗째챙쨈(H),챘째챘징챗째챗쨍째,83,80,75,70,70,101,479
18,챘챙쨍챠챙쩌,,챘쨋챗쩍,,챠챙짚챘짜쨈챘챘쨋챗쩍,,챗째챘짯(H),챘째챘징챗째챗쨍째,73,76,75,81,100,100,505
63,챙챗쨉짭챘짝짭,,챘짭쩌,,챙 챙,챙쨉챗쨍째,챙챘쨔(H),챘째챘징챗째챗쨍째,90,75,75,90,100,70,500
84,챗쨔챗쨔챘짱쨍,,챙,챗쨀 챙짚챠쨍,챘 챙쨔쨈챘징챙쨈챘,챙챗째챘짼챗쨍째,챙짠챗쨋챙챘짠챙(H),챘째챘징챗째챗쨍째,50,75,75,65,65,50,380
19,챘챙쨍챠챙쩌,챙챘징챘쩌,챙쩌챙,챠챙쨈챘짝짭,챘챙짢챗쨍째,,챘챠쩌챘짢챘짝짭챗쨍째(H),챘째챘징챗째챗쨍째,73,67,75,81,100,109,505
164,챘챙쩔짢챘짙짢챙짚,,챙챙짚챠쩌,,챘째짤챙짠,챘짠짚챙짠챗째챘,챙짭챙챘 짜(H),챘째챘징챗째챗쨍째,110,65,75,125,85,30,490
248,챘짠챠챠,,챠챙쨈챘짝짭,,챙짚챙챠쨍챘짼 챙쩌,,챙챘징챘짠챘짼 챙쩌(H),챘째챘징챗째챗쨍째,65,60,75,110,121,64,495
88,챙챗째챘짢,,챗짼짤챠짭,챙챙짚챠쩌,챙챙챠챠,,챠챘 챠챙(H),챘째챘징챗째챗쨍째,60,60,75,60,75,80,410
222,챘챘짝짭챘 챘,,챘짭쩌,챠챙쨈챘짝짭,챗쨍챘짜,,챙쨈챙쨈챘쨀쨈챙쨈챙짚(H),챘째챘징챗째챗쨍째,80,74,74,126,116,60,530
16,챠쩍챙,,챠챙쨈챘짝짭,,챠짚챘징짹챠짚챘징짹챘째챘,챘짠짚챙짠챗째챘,챙짼챙짠(H),챘째챘징챗째챗쨍째,95,70,73,95,90,60,483
251,챙 챘쨔챘징,,챘쨍챘짠,챙챙짚챠쩌,챙챠,챠쨉챙째째,챙쨈챙(H),챘째챘징챗째챗쨍째,103,105,72,105,75,65,525
200,챙챘짠챘짙짢챘짜쨈챗째,,챘째챙,챙쩌챙,챠챘짝짭챙짝챙짚챠짢,,챘챠쩌챘짢챘짝짭챗쨍째(H),챘째챘징챗째챗쨍째,123,77,72,99,92,58,521
195,챠챘 챠챠째챘짜쨈,,챠챙쨈챘짝짭,,챙쨔챙 챙챘짠챙,,챙챘징챘짠챘짼 챙쩌(H),챘째챘징챗째챗쨍째,101,72,72,99,89,29,462
268,챘챠챘짠짢,챘챙쨈챘쨍 챠쩌,챘짭쩌,,챘짠챙쨈챠째챙짼쨈챙쨍챙짠,,,챘째챘징챗째챗쨍째,100,70,72,53,62,100,457
178,챘짠챠짯챙,,챘쨋챗쩍,챙챙짚챠쩌,챘짠쨔챠,,챘짠짚챙짠챙(H),챘째챘징챗째챗쨍째,75,69,72,114,100,104,534
179,챘짤챗째챘짠챠짯챙,챘짤챗째챙짠챠,챘쨋챗쩍,챙챙짚챠쩌,챘쨋챙 ,,,챘째챘징챗째챗쨍째,75,69,72,159,125,134,634
110,챙쨈챙쩌챘짧쩍,,챘쨋챗쩍,챗짼짤챠짭,챘짠쨔챠,,챙짼 챙짙쩌챘짢쨔(H),챘째챘징챗째챗쨍째,76,104,71,104,71,108,534
183,챠챙쨈챙쨈챘징,,챘쨋챗쩍,챘쨔챠,챘쨋챗쩍챘짧쨍,,챙짠챠챘 챗째(H),챘째챘징챗째챗쨍째,78,81,71,74,69,126,499
93,챘짤챗째챙짚챠짭챘챙,챘짤챗째챙짠챠,챘짭쩌,챙,챙쨔챗쨀짢챙째짭챠짹,,,챘째챘징챗째챗쨍째,70,140,70,110,65,105,560
256,챘짠챙짚챙쨔쨈챘,,챠,챙,챙짭챘징,,챘쨀챠챙챙짭(H),챘째챘징챗째챗쨍째,76,110,70,81,70,123,530
121,챘짙짢챙쨔쨈챘짝짭챙짚,,챗짼짤챠짭,챗째챙짼 ,챘쨋챗쨉쨈챙챘짠챙,챙 챙 챘 짜,챙 챙챙챘짠챙(H),챘째챘징챗째챗쨍째,70,110,70,115,70,90,525
205,챘짱쨍챘챘챗쨀짚,,챘챘챗쨀짚,,챙쨈챙,챙쨈챙쨈챘째챘,챘짱쨍챘챘짱쨍챘(H),챘째챘징챗째챗쨍째,90,100,70,110,150,80,600
94,챠짯챠,,챘쨋챗쩍,챘,챘짠챗쨌쨍챘짠챙챘짭쨈챙짜,챠챘챘징,챘쨋챘쨍챙챗짼쩍챠(H),챘째챘징챗째챗쨍째,70,100,70,105,75,40,460
272,챠짚챠짚챘짠,,챘쨍챘짠,챙챙짚챠쩌,챘챙챗쨔챙짠,챠챙쩌챙챘짢쨍,챙쨈챙(H),챘째챘징챗째챗쨍째,120,90,70,110,70,60,520
59,챙챘짝짭챙챘챙짚,,챘짼챘 ,챘,챘짼챘 챙챙챘짝쩌,챘쨋챘짤쨈,챙짚챘챙쨈챠쩌(H),챘째챘징챗째챗쨍째,70,90,70,60,70,40,400
135,챘챙짭챙,,챙쩌챙,챗쨀 챙짚챠쨍,챘챙짢챗쨍째,,챙 챙짙쩌챘째챙챘째챘(H),챘째챘징챗째챗쨍째,70,80,70,80,70,110,480
136,챘짤챗째챘챙짭챙,챘짤챗째챙짠챠,챙쩌챙,챗쨀 챙짚챠쨍,챘챠쩌챘짢챘짝짭챗쨍째,,,챘째챘징챗째챗쨍째,70,80,70,140,100,120,580
259,챠챘째챘짝짭챙짜,,챘쨍챘짠,,챠챘 챘챗째챘,챘쨀쩌챙짙쩌챘짢쨍챘,챠챠짭챘챙(H),챘째챘징챗째챗쨍째,74,75,70,65,75,111,470
100,챙쨘챙짚챠,,챘쨍챘짠,,챗쨍째챘쨋챠,,,챘째챘징챗째챗쨍째,70,70,70,70,70,70,420
211,챠쨍챘째챗쨌,(챠쨔챘),챗쨀 챙짚챠쨍,챠,챠쩍챙,챠쨉챙째째,챘쨋챘짤쨈(H),챘째챘징챗째챗쨍째,59,66,70,44,55,41,335
210,챠쨍챘째챗쨌,(챘),챗쨀 챙짚챠쨍,챠,챠쩍챙,챠쨉챙째째,챘쨋챘짤쨈(H),챘째챘징챗째챗쨍째,54,66,70,44,55,46,335
209,챠쨍챘째챗쨌,(챙),챗쨀 챙짚챠쨍,챠,챠쩍챙,챠쨉챙째째,챘쨋챘짤쨈(H),챘째챘징챗째챗쨍째,44,66,70,44,55,56,335
12,챙챘쨀쨈챠짭,,챘,,챙챠,챠챠쩌,챗쨍쨈챙짜챗째(H),챘째챘징챗째챗쨍째,60,95,69,65,79,80,448
148,챘쨀쨈챘짜쨈챗쨌쨍,,챘쨍챘짠,,챘째챗쨈,챘 챙쨔쨈챘징챙쨈챘,챙 챘챘쩌챙쨈챙짝(H),챘째챘징챗째챗쨍째,60,85,69,60,69,77,420
188,챠챘쩌챙 챙짚,,챠챙쨈챘짝짭,,챠챘쩌챙챘짼 챙쩌,,챗쨀쨉챙(H),챘째챘징챗째챗쨍째,78,65,68,112,154,75,552
180,챗째챗쨉쨈챘챙,,챘짭쩌,챙,챗쨍챘짜,,챘쨀챠챙챙짭(H),챘째챘징챗째챗쨍째,72,95,67,103,71,122,530
186,챘짤챗째챠챘쩌챙짙챠,챘짤챗째챙짠챠,챠챙쨈챘짝짭,,챠챙쨈챘짝짭챙짚챘쩌,,,챘째챘징챗째챗쨍째,74,65,67,125,128,92,551
187,챠챘쩌챙짙챠(챙챙챙 챗쩍),챙챙챙 챗쩍,챠챙쨈챘짝짭,,챠챘쩌챙챘짼 챙쩌,,챗쨀쨉챙(H),챘째챘징챗째챗쨍째,74,65,67,125,128,92,551
133,챙챘 챙쨈챘,,챙챙짚챠쩌,챗짼짤챠짭,챘쨋챗쨉쨈챙챘짠챙,챙챘짝짭챠짢,챙 챙챙챘짠챙(H),챘째챘징챗째챗쨍째,68,125,65,65,115,80,518
144,챙쩌챘짭쨈챙,,챘쨋챗쩍,챗짼짤챠짭,챘짠쨔챠,,챙쨈챠챙짭챠(H),챘째챘징챗째챗쨍째,110,123,65,100,65,65,528
127,챠짭챠쨍챘챘쩌,,챙,챙쩌챙,챠챘 챙,,챘챙챙챘짼챘짝(H),챘째챘징챗째챗쨍째,70,120,65,45,85,125,510
228,챘짙짢챗째챘짙짢챙,챠짤챠쩌챙 챗째챗쨍째,챘째챙,,챘짢챘짢챠챘째챠짹,,,챘째챘징챗째챗쨍째,75,117,65,55,65,110,487
226,챘짙짢챗째챘짙짢챙,챠챘짰챙 챘짧짢챙쨉,챘째챙,,챘 챙쨔쨈챘징챙쨈챘,챘짧짢챘챠짚챙쨔챗쨍째,챘쨋챗쨉쨈챙챘짠챙(H),챘째챘징챗째챗쨍째,75,115,65,55,65,112,487
101,챘짚챠짭챠짬,,챗쨀 챙짚챠쨍,,챘쨋챘짤쨈,챠쨉챙째째,챙 챙짙쩌챘째챙챘째챘(H),챘째챘징챗째챗쨍째,64,115,65,83,63,65,455
253,챘챙째챙짭챘,(챙챙쨩쨌),챘짭쩌,챗쨀 챙짚챠쨍,챙짹챙짹,챙 챙챘 짜,챠챗쨔짢챗쨍째(H),챘째챘징챗째챗쨍째,120,112,65,80,75,78,530
50,챙 챘짠챘쨀쨈,,챘쨍챘짠,,챘짤쨈챙짯,챘챗쨘쩌챙쨈챙짠챘째짤,챘짢쨔챘쨀쨈(H),챘째챘징챗째챗쨍째,160,110,65,65,110,30,540
264,챙짚챙쩍챘쨔챘째,,챠,챘쨋챗쩍,챙쩍챘징챙,챘쨋챘짤쨈,챘쨀챘챙챙쨈(H),챘째챘징챗째챗쨍째,65,108,65,108,65,75,486
124,챘챗째챗쨉쨈,,챘,챗짼짤챠짭,챙챠챙챙짠,챗짹쨈챙징째챠쩌챘쨋,챘챙(H),챘째챘징챗째챗쨍째,83,106,65,86,65,85,490
25,챙째챙쨍 챘쨀쨈챠쨍,,챠,챘,챙쩍챘징챙,,챘짢쨔챘쨀쨈(H),챘째챘징챗째챗쨍째,80,105,65,100,70,70,490
48,챠챠챘쩌,,챘째챙,챘쨔챠,챘챘짢쨍챘짝짭,챠챘 챙,챗쨍쨈챙짜챗째(H),챘째챘징챗째챗쨍째,80,105,65,60,75,130,515
254,챘챙째챙짭챘,(챙챙쨩쨌),챘짭쩌,챗쨀 챙짚챠쨍,챙짹챙짹,챙 챙챘 짜,챠챗쨔짢챗쨍째(H),챘째챘징챗째챗쨍째,120,92,65,100,75,78,530
83,챘짤챗째챗째챘챙,챘짤챗째챙짠챠,챙챙짚챠쩌,챠챙쨈챘짝짭,챠챙쨈챘짝짭챙짚챠짢,,,챘째챘징챗째챗쨍째,68,85,65,165,135,100,618
113,챘징챙짝챘 챙쨈챘,,챠,챘,챙챙째챠챘쨀쨉,챘챗째챙,챠챠짭챘챙(H),챘째챘징챗째챗쨍째,60,70,65,125,105,90,515
201,챘챠쩌챙,,챠챙쨈챘짝짭,,챠짚챘징짹챠짚챘징짹챘째챘,,챠챙쨈챘짝짭챙짚챠짢(H),챘째챘징챗째챗쨍째,95,65,65,110,130,60,525
82,챗째챘챙,,챙챙짚챠쩌,챠챙쨈챘짝짭,챙짹챠짭챘징,챠쨍챘 챙쨈챙짚,챠챘 챠챙(H),챘째챘징챗째챗쨍째,68,65,65,125,115,80,518
244,챠짭챠쨍챘째챙짚,,챗쨀 챙짚챠쨍,,챗쨔짢챙쨈챙짠챗째챙쨌,,챙 챙짙쩌챘째챙챘째챘(H),챘째챘징챗째챗쨍째,60,65,65,134,114,70,508
175,챘쨋챙쨔쨈챘짧짢챙짚,,챘짼챘 ,챘쨋챗쩍,챘쨋챗쩍챘짧쨍,,챘짼챘 챙챙챘짝쩌(H),챘째챘징챗째챗쨍째,85,60,65,135,105,100,550
23,챘짤챗째챠챘,챘짤챗째챙짠챠,챙챙짚챠쩌,,챠쨍챘 챙쨈챙짚,,,챘째챘징챗째챗쨍째,55,50,65,175,105,150,600
150,챙쩌챘챠짚,,챠,,챘짢쨔챘쨀쨈,,챙짭챘징(H),챘째챘징챗째챗쨍째,75,98,63,98,63,101,498
151,챘째챙짚챠짚,,챘쨋챗쩍,,챘짢쨔챘쨀쨈,,챘짠쨔챠(H),챘째챘징챗째챗쨍째,75,98,63,98,63,101,498
152,챙챙째짢챠짚,,챘짭쩌,,챘짢쨔챘쨀쨈,,챗쨍챘짜(H),챘째챘징챗째챗쨍째,75,98,63,98,63,101,498
114,챘짢챠챘,,챘째챙,,챠챗쨔짢챗쨍째,,챙째챗짼짤챘짚챙짠(H),챘째챘징챗째챗쨍째,97,165,60,65,50,58,495
106,챘짤챗째챙짹챙,챘짤챗째챙짠챠,챙,,챘짠짚챙짠챘짱쨍챘짭,,,챘째챘징챗째챗쨍째,65,150,60,115,60,115,565
153,챘짧째챘챘짜,,챘,챗째챙짼 ,챘짧짢챘챠짚챙쨔챗쨍째,챘짧짢챘챙챠,챠챗쨔짢챗쨍째(H),챘째챘징챗째챗쨍째,110,135,60,50,65,88,508
255,챠짭챠쨍챘챠짭,,챗짼짤챠짭,챘,챠챘 챙,챗쨀징챙,챘챙(H),챘째챘징챗째챗쨍째,80,130,60,40,80,120,510
47,챘쨋챙짚챠째,,챘쨋챗쩍,,챠챙짚챘짜쨈챘챘쨋챗쩍,,챗쨌쩌챙짹(H),챘째챘징챗째챗쨍째,65,130,60,95,110,65,525
105,챙짹챙,,챙,,챠챘 챙,챘챙쨈,챙 챙챙챘짠챙(H),챘째챘징챗째챗쨍째,65,130,60,75,60,75,465
162,챙징째챘징챙챠짭,,챙,,챙쩌챘짙짢챙 ,,,챘째챘징챗째챗쨍째,60,105,60,120,60,105,510
163,챙징째챘징챙챠짭,챠챙짚챙쨈,챘쨍챘짠,챗쨀 챙짚챠쨍,챙쩌챘짙짢챙 ,,,챘째챘징챗째챗쨍째,55,100,60,125,60,110,510
190,챠쨍챘짝짭챘짱쨍챙,,챘쨍챘짠,,챠쩌챙쩍챠쨍,,,챘째챘징챗째챗쨍째,75,80,60,65,90,102,472
90,챙짭챘챘쨀쩌챠쨍,,챙 챗쨍째,,챙 챙 챗쨍째,챠쩌챘짖째챙쨔짢,챘짠챙쨈챘챙짚(H),챘째챘징챗째챗쨍째,70,75,60,105,60,105,475
166,챙챘짧쩍챗째,,챙 챗쨍째,챘쨔챠,챙 챙 챗쨍째,,챙 챗쨍째챙챙짠(H),챘째챘징챗째챗쨍째,55,75,60,75,60,103,428
45,챙짚챘짱쨍챘,,챘짭쩌,,챙 챙,,챙쨈챙쨈챘째챘(H),챘째챘징챗째챗쨍째,130,65,60,110,95,65,525
46,챙짜짭챠쩌챙짭챘,,챙 챗쨍째,,챙쨋챙 ,,챙챘쨀쨈(H),챘째챘징챗째챗쨍째,65,65,60,110,95,130,525
64,챙챘쨍챙쨈,,챙챙짚챠쩌,,챙짹챠짭챘징,,챘짠짚챙짠챘짱쨍챘짭(H),챘째챘징챗째챗쨍째,65,65,60,130,95,110,525
30,챠짭챠,,챗쨀 챙짚챠쨍,챘,챙 챙짙쩌챘째챙챘째챘,,,챘째챘징챗째챗쨍째,60,65,60,130,75,110,500
232,챙쩌챘쨈챠쨍,,챘,챘쨋챗쩍,챘쨋챙,,챘챗째(H),챘째챘징챗째챗쨍째,68,64,60,111,60,117,480
266,챠쨈챘 챙짚챠쩌챠쨍챘쩌,,챙챙짚챠쩌,,챠쨍챙쨔,챠쨉챙째째,챗째챙(H),챘째챘징챗째챗쨍째,95,60,60,101,60,105,481
249,챘짧짢챘짜쨈챠챙쩍,,챙 챗쨍째,챙,챗쩌짭챘짜쨈챘짜쨉챙짚챙챙쨔,,,챘째챘징챗째챗쨍째,58,95,58,70,58,97,436
204,챘째챘쨈챘짚,,챙 챗쨍째,챠챙쨈챘짝짭,챘쨀쩌챙짙쩌챘짢쨍챘,챠쩍챙,챠챘짭챙짚(H),챘째챘징챗째챗쨍째,67,58,57,81,67,101,431
14,챘쩌챙쨈챙쨍,,챙 챗쨍째,,챙 챙 챗쨍째,,챠쩌챘짖째챙쨔짢(H),챘째챘징챗째챗쨍째,60,90,55,90,80,110,485
198,챙쩌챘 챘챘짝짭챙챘,,챙 챗쨍째,챘쨍챘짠,챗짹쨈챙징째챠쩌챘쨋,챘짧짢챘챙짢챗쨍째,챙 챠챙(H),챘째챘징챗째챗쨍째,62,55,52,109,94,109,481
77,챠짭챗째,,챙,챘쨋챗쩍,챙쩌챙째챗쨍째챙,챠챙짚챘짜쨈챘챘쨋챗쩍,챗쨍쨈챙짜챗째(H),챘째챘징챗째챗쨍째,75,90,50,110,80,95,500
149,챘 챠챘짜쨈챘짚챙짚,,챙,,챙 챙째,챗쨀징챙,챙짠챗쨋챙챘짠챙(H),챘째챘징챗째챗쨍째,64,88,50,88,50,106,446
15,챘쩌챙쨈챙쨍,챙챘징챘쩌,챙 챗쨍째,챙챙짚챠쩌,챙챠챠챙쩌,,,챘째챘징챗째챗쨍째,60,85,50,95,85,110,485
184,챘쨔챘쨔챙짤,,챘짼챘 ,챘쨔챠,챙쨍챘쨋,챘쨀쨉챙,챠챘 챘챗째챘(H),챘째챘징챗째챗쨍째,80,52,50,90,50,89,411
44,챘짤챠챘짧쩍,,챘쨍챘짠,,챙 챙째,,챗쨈쨈챙짠(H),챘째챘징챗째챗쨍째,48,48,48,48,48,48,288
185,챠챘쩌챙짙챠,,챠챙쨈챘짝짭,,챠챘쩌챙챘짼 챙쩌,,챗쨀쨉챙(H),챘째챘징챗째챗쨍째,54,45,47,75,98,52,371
22,챠챘,,챙챙짚챠쩌,,챙짹챠짭챘징,챙 챙 챘 짜,챘짠짚챙짠챗째챘(H),챘째챘징챗째챗쨍째,55,50,45,135,95,120,500
9,챘짤챗째챘챙쨔짢챘쨋,챘짤챗째챙짠챠,챘짼챘 ,챘,챙 챙챘 짜,,,챘째챘징챗째챗쨍째,65,150,40,15,80,145,495
92,챙짚챠짭챘챙,,챘짭쩌,챙,챗쨔챙쨔 챠챠쩌챘쨋,,챗째챙(H),챘째챘징챗째챗쨍째,70,120,40,95,40,95,460
8,챘챙쨔짢챘쨋,,챘짼챘 ,챘,챘짼챘 챙챙챘짝쩌,,챙짚챘챙쨈챠쩌(H),챘째챘징챗째챗쨍째,65,90,40,45,80,75,395
13,챠쩌챙쨔쨈챙쨍,,챙 챗쨍째,,챙 챙 챗쨍째,,챠쩌챘짖째챙쨔짢(H),챘째챘징챗째챗쨍째,35,55,40,50,50,90,320
